Benjamin,3695,2015
Isabella,3294,2015
Martina,3041,2015
Catalina,3006,2015
Bautista,2771,2015
Sofia,2611,2015
Olivia ,2544,2015
Felipe,2479,2015
Emma,2395,2015
Valentino,2340,2015
Benicio,2301,2015
Joaquín,2298,2015
Delfina,2166,2015
Lorenzo,2144,2015
Francesca,2098,2015
Valentina,2046,2015
Emilia,2021,2015
Mateo,1974,2015
Juan Ignacio,1967,2015
Santino,1893,2015
Tomás,1825,2015
Francisco,1785,2015
Juana,1741,2015
Josefina,1608,2015
Santiago,1572,2015
Simon,1537,2015
Guillermina,1499,2015
Ignacio,1456,2015
Victoria,1438,2015
Guadalupe,1392,2015
Agustin,1350,2015
Thiago Benjamín,1305,2015
Julieta,1283,2015
Pedro,1249,2015
Renata,1209,2015
Alma,1205,2015
Jazmin,1192,2015
Ciro,1188,2015
Juan Cruz,1123,2015
Thiago ,1116,2015
Lola,1100,2015
Pilar,1094,2015
Lucia,1069,2015
Lautaro,1049,2015
Bruno,1038,2015